data_set;fs_method;learner;ensemble_model_name;feature;icc;icc_low;icc_up;icc_panel;icc_panel_low;icc_panel_up
development;mrmr;xgboost_tree;ensemble.1.1;susp_tot;0.861381812068338;0.844521286958647;0.877741327120529;0.999896720955665;0.999881847866794;0.999910606312569
validation;mrmr;xgboost_tree;ensemble.1.1;susp_tot;0.861381812068338;0.844521286958647;0.877741327120529;0.999896720955665;0.999881847866794;0.999910606312569
